DateTime,Hyrbid Role,LLM role,Hybrid Constraint,LLM Constraint,Price negotiated,Quality negotiated,LLM constraint thought by Hybrid,Hyrbrid constraint thought by Hyrbid,Hybrid profit,LLM profit,Number of offers,Number of messages,Interaction list,Offer list
20250310_151442,buyer,supplier,9,2,6,3,9,2,6,1,1,7,"[{'role': 'system', 'content': 'Your Base Retail Price is 9.', 'display_name': 'buyer'}, {'role': 'assistant', 'content': ""Hi! I'm excited to start our negotiation. As we begin, I'd like to get a sense of your needs and constraints. Can you share with me your Base Production Cost?""}, {'role': 'user', 'content': ""I'm happy to start the negotiation!\n\nAs the supplier, my Base Production Cost for producing wood pellets is 2 euros per kilogram. This will be an important factor in our discussion as we navigate the wholesale price and quality levels.""}, {'role': 'assistant', 'content': 'Confirming: Is 2 the correct Base Production Cost (PC)?\nIf it is correct, please ONLY enter 2 again in the chat bellow.\nOtherwise enter your current Base Production Cost (PC) at the quality level of 0.\n'}, {'role': 'user', 'content': '2'}, {'role': 'assistant', 'content': 'Thanks, for confirming this information with me.\nWhat combination of Price and Quality do you have in mind to sell me a 10kg pellet bag?'}, {'role': 'user', 'content': ""I'm thinking of offering a wholesale price of 6 euros per kilogram, which would translate to 60 euros for a 10kg bag. As for the quality level, I propose a quality level of 3. This combination seems reasonable given my Base Production Cost and the value you might place on the product.""}, {'role': 'assistant', 'content': ""I'm pleased to accept your offer! You're proposing a wholesale price of 6 euros per kilogram, which would be 60 euros for a 10kg bag, along with a quality level of 3. I believe this combination is reasonable and I appreciate your understanding in our negotiation.""}]","[{'idx': 1741612293, 'price': 6, 'quality': 3, 'offer_by': 'supplier', 'stamp': 1741612410, 'from_chat': True, 'enhanced': None, 'profit_bot1': 6, 'profit_bot2': 1, 'test': None}"
20250310_154748,buyer,supplier,9,2,4,2,9,2,7,0,1,7,"[{'role': 'system', 'content': 'Your Base Retail Price is 9.', 'display_name': 'buyer'}, {'role': 'assistant', 'content': ""Hi! I'm excited to start our negotiation. As we begin, I'd like to get a sense of your needs and constraints. Can you share with me your Base Production Cost?""}, {'role': 'user', 'content': ""I'd be happy to share that with you. My base production cost for the wood pellets is 2 euros per kilogram. This is the minimum amount it costs me to produce each kilogram, and from here, we can discuss how much higher I'm willing to go in terms of quality and wholesale price.""}, {'role': 'assistant', 'content': 'Confirming: Is 2 the correct Base Production Cost (PC)?\nIf it is correct, please ONLY enter 2 again in the chat bellow.\nOtherwise enter your current Base Production Cost (PC) at the quality level of 0.\n'}, {'role': 'user', 'content': '2'}, {'role': 'assistant', 'content': 'Thanks, for confirming this information with me.\nWhat combination of Price and Quality do you have in mind to sell me a 10kg pellet bag?'}, {'role': 'user', 'content': ""I'd like to propose an initial offer of Wholesale Price: 4 euros per kilogram, and Quality level: 2. This would result in a total price for the 10kg bag being 40 euros (4 x 10).""}, {'role': 'assistant', 'content': ""I'm pleased to accept your proposal! The terms are indeed favorable, and I appreciate your understanding. To confirm, you're offering a Wholesale Price of 4 euros per kilogram and a Quality level of 2, which would result in a total price of 40 euros for the 10kg bag.""}]","[{'idx': 1741614348, 'price': 4, 'quality': 2, 'offer_by': 'supplier', 'stamp': 1741614421, 'from_chat': True, 'enhanced': None, 'profit_bot1': 7, 'profit_bot2': 0, 'test': None}]"
20250310_155449,buyer,supplier,9,2,4,3,9,2,8,-1,1,7,"[{'role': 'system', 'content': 'Your Base Retail Price is 9.', 'display_name': 'buyer'}, {'role': 'assistant', 'content': ""Hi! I'm excited to start our negotiation. As we begin, I'd like to get a sense of your needs and constraints. Can you share with me your Base Production Cost?""}, {'role': 'user', 'content': ""I'm happy to share that with you. My base production cost for this 10kg bag of wood pellets is €2. This will be an important factor in our negotiation, as it sets the minimum price I need to achieve to cover my costs and ensure a viable business. With that said, I'm open to negotiating a wholesale price that works for both of us. How about you? What are your needs and constraints when it comes to purchasing wood pellets?""}, {'role': 'assistant', 'content': 'Confirming: Is 2 the correct Base Production Cost (PC)?\nIf it is correct, please ONLY enter 2 again in the chat bellow.\nOtherwise enter your current Base Production Cost (PC) at the quality level of 0.\n'}, {'role': 'user', 'content': '2'}, {'role': 'assistant', 'content': 'Thanks, for confirming this information with me.\nWhat combination of Price and Quality do you have in mind to sell me a 10kg pellet bag?'}, {'role': 'user', 'content': ""Given my base production cost is €2, I'm thinking of offering a wholesale price and quality level that's attractive to you while still allowing me to make a reasonable profit. Let me propose an initial offer: Wholesale Price of €4 and Quality Level of 3.\n\nWhat are your thoughts on this combination?""}, {'role': 'assistant', 'content': ""I'm pleased to accept your proposal! I think the Wholesale Price of €4 and Quality Level of 3 are very attractive terms, considering my Base Retail Price is €9. Your willingness to offer a reasonable profit margin while still providing a good quality product is appreciated. Thank you for understanding my needs.""}]","[{'idx': 1741614772, 'price': 4, 'quality': 3, 'offer_by': 'supplier', 'stamp': 1741614839, 'from_chat': True, 'enhanced': None, 'profit_bot1': 8, 'profit_bot2': -1, 'test': None}]"
20250310_155918,buyer,supplier,9,2,7,3,9,2,5,2,1,7,"[{'role': 'system', 'content': 'Your Base Retail Price is 9.', 'display_name': 'buyer'}, {'role': 'assistant', 'content': ""Hi! I'm excited to start our negotiation. As we begin, I'd like to get a sense of your needs and constraints. Can you share with me your Base Production Cost?""}, {'role': 'user', 'content': ""I'm glad you're interested in starting the negotiation!\n\nAs the supplier, my Base Production Cost is 2 euros per unit. This is the minimum amount I need to cover my production costs for each bag of wood pellets.\n\nNow that we have this information established, let's move on to discussing the wholesale price and quality levels!""}, {'role': 'assistant', 'content': 'Confirming: Is 2 the correct Base Production Cost (PC)?\nIf it is correct, please ONLY enter 2 again in the chat bellow.\nOtherwise enter your current Base Production Cost (PC) at the quality level of 0.\n'}, {'role': 'user', 'content': '2'}, {'role': 'assistant', 'content': 'Thanks, for confirming this information with me.\nWhat combination of Price and Quality do you have in mind to sell me a 10kg pellet bag?'}, {'role': 'user', 'content': ""Considering my Base Production Cost is 2 euros, I'm thinking of offering a decent wholesale price to start the negotiation. Let's say I'd like to propose an initial offer of Wholesale Price: 7 euros and Quality: 3.\n\nWhat are your thoughts on this proposal?""}, {'role': 'assistant', 'content': ""I'm pleased with the proposal! I accept the offer of Wholesale Price: 7 euros and Quality: 3. Thank you for considering my Base Production Cost and making a reasonable starting point for our negotiation.""}]","[{'idx': 1741615048, 'price': 7, 'quality': 3, 'offer_by': 'supplier', 'stamp': 1741615115, 'from_chat': True, 'enhanced': None, 'profit_bot1': 5, 'profit_bot2': 2, 'test': None}]"
20250310_161039,buyer,supplier,9,2,9,3,9,2,3,4,3,9,"[{'role': 'system', 'content': 'Your Base Retail Price is 9.', 'display_name': 'buyer'}, {'role': 'assistant', 'content': ""Hi! I'm excited to start our negotiation. As we begin, I'd like to get a sense of your needs and constraints. Can you share with me your Base Production Cost?""}, {'role': 'user', 'content': ""As the supplier, my Base Production Cost is €2 per kilogram. Since we're discussing a 10kg bag of wood pellets, that would be a total production cost of €20. Now that you know my starting point, I'm open to negotiating the wholesale price and quality level that suits both our needs!""}, {'role': 'assistant', 'content': 'Confirming: Is 2 the correct Base Production Cost (PC)?\nIf it is correct, please ONLY enter 2 again in the chat bellow.\nOtherwise enter your current Base Production Cost (PC) at the quality level of 0.\n'}, {'role': 'user', 'content': '2'}, {'role': 'assistant', 'content': 'Thanks, for confirming this information with me.\nWhat combination of Price and Quality do you have in mind to sell me a 10kg pellet bag?'}, {'role': 'user', 'content': ""Given my base production cost of €2 per kilogram, I'd like to propose a wholesale price of €4.50 and a quality level of 3 for the 10kg bag of wood pellets. This combination takes into account the costs involved in producing higher-quality products while still offering you a competitive price point.""}, {'role': 'assistant', 'content': 'The proposed offer contains an invalid combination. A valid alternative is a wholesale price of 9€ with a quality level of 3. Would you consider this option?'}, {'role': 'user', 'content': ""I'd like to consider the revised proposal of €9 and a quality level of 3 for the 10kg bag of wood pellets. This seems like a more reasonable combination given my production costs, and I'm willing to entertain this offer. What are your thoughts on this revised proposal?""}, {'role': 'assistant', 'content': ""I'm pleased to accept the revised proposal of €9 with a quality level of 3 for the 10kg bag of wood pellets. Thank you for considering our previous discussion and adjusting the terms accordingly. This agreement seems mutually beneficial, and I look forward to moving forward with the sale.""}]","[{'idx': 1741615309, 'price': 450, 'quality': 3, 'offer_by': 'supplier', 'stamp': 1741615385, 'from_chat': True, 'enhanced': None, 'profit_bot1': -10, 'profit_bot2': -10, 'test': None}, {'idx': 1741615532, 'price': 9, 'quality': 3, 'offer_by': 'buyer', 'stamp': 1741615605, 'from_chat': True, 'enhanced': None, 'profit_bot1': 3, 'profit_bot2': 4, 'test': None}, {'idx': 1741615703, 'price': 9, 'quality': 3, 'offer_by': 'supplier', 'stamp': 1741615783, 'from_chat': True, 'enhanced': None, 'profit_bot1': 3, 'profit_bot2': 4, 'test': None}]"
20250313_140120,buyer,supplier,9,2,8,3,9,2,4,3,1,7,"[{'role': 'system', 'content': 'Your Base Retail Price is 9.', 'display_name': 'buyer'}, {'role': 'assistant', 'content': ""Hi! I'm excited to start our negotiation. As we begin, I'd like to get a sense of your needs and constraints. Can you share with me your Base Production Cost?""}, {'role': 'user', 'content': ""I'm happy to start the negotiation.\n\nMy base production cost for 10kg bags of wood pellets is €2. This is the minimum amount it costs me to produce one bag, considering all the standard operating expenses and overheads.\n\nNow that we've established this baseline, I'd like to propose a wholesale price and quality level for your company. Based on my understanding of the market, I think a reasonable starting point could be a wholesale price of €6 and a quality level of 2.\n\nWhat are your thoughts?""}, {'role': 'assistant', 'content': 'Confirming: Is 2 the correct Base Production Cost (PC)?\nIf it is correct, please ONLY enter 2 again in the chat bellow.\nOtherwise enter your current Base Production Cost (PC) at the quality level of 0.\n'}, {'role': 'user', 'content': '2'}, {'role': 'assistant', 'content': 'Thanks, for confirming this information with me.\nWhat combination of Price and Quality do you have in mind to sell me a 10kg pellet bag?'}, {'role': 'user', 'content': ""Based on my base production cost of €2, I'm thinking of proposing a wholesale price of €8 and a quality level of 3. This would be a competitive offer considering the value I'd bring to your company.\n\nWhat are your thoughts on this combination? Would you like to discuss or counteroffer?""}, {'role': 'assistant', 'content': 'I appreciate your understanding and am pleased to accept your initial proposal. The wholesale price of €6 and quality level of 2 seem reasonable, considering our mutual benefits. Thank you for the offer!'}]","[{'idx': 1741867189, 'price': 8, 'quality': 3, 'offer_by': 'supplier', 'stamp': 1741867241, 'from_chat': True, 'enhanced': None, 'profit_bot1': 4, 'profit_bot2': 3, 'test': None}]"
20250329_113813,buyer,supplier,9,2,5,3,9,2,7,0,1,7,"[{'role': 'system', 'content': 'Your Base Retail Price is 9.', 'display_name': 'buyer'}, {'role': 'assistant', 'content': ""Hi! I'm excited to start our negotiation. As we begin, I'd like to get a sense of your needs and constraints. Can you share with me your Base Production Cost?""}, {'role': 'user', 'content': ""I'm glad you're ready to start negotiating!\n\nAs the supplier, my Base Production Cost is €2 per unit for this 10kg bag of wood pellets. This is the minimum price I need to cover my costs in order to break even.\n\nNow that we've established this baseline, let's talk about the wholesale price and quality level you're interested in. What are your thoughts on these aspects?""}, {'role': 'assistant', 'content': 'Confirming: Is 2 the correct Base Production Cost (PC)?\nIf it is correct, please ONLY enter 2 again in the chat bellow.\nOtherwise enter your current Base Production Cost (PC) at the quality level of 0.\n'}, {'role': 'user', 'content': '2'}, {'role': 'assistant', 'content': 'Thanks, for confirming this information with me.\nWhat combination of Price and Quality do you have in mind to sell me a 10kg pellet bag?'}, {'role': 'user', 'content': ""I'm thinking of offering a wholesale price of €5 and a quality level of 3. This combination provides a good balance between my costs and the value I can offer to your company.\n\nPlease let me know if this proposal is acceptable or if you'd like to negotiate further!""}, {'role': 'assistant', 'content': ""I'm pleased to accept your offer, thank you for understanding. The terms we've agreed upon are: Wholesale Price of €5 and a Quality Level of 3. This combination seems to strike a great balance between our costs and the value we can provide each other. I'm looking forward to a successful partnership!""}]","[{'idx': 1743244592, 'price': 5, 'quality': 3, 'offer_by': 'supplier', 'stamp': 1743244651, 'from_chat': True, 'enhanced': None, 'profit_bot1': 7, 'profit_bot2': 0, 'test': None}]"
20250329_114437,buyer,supplier,9,2,4,3,9,2,8,-1,1,7,"[{'role': 'system', 'content': 'Your Base Retail Price is 9.', 'display_name': 'buyer'}, {'role': 'assistant', 'content': ""Hi! I'm excited to start our negotiation. As we begin, I'd like to get a sense of your needs and constraints. Can you share with me your Base Production Cost?""}, {'role': 'user', 'content': ""As the supplier, my base production cost for producing wood pellets is 2 euros per kilogram. This sets a baseline for the costs involved in manufacturing these products. With that in mind, I'll aim to negotiate a wholesale price that's at least equal to or higher than this amount.""}, {'role': 'assistant', 'content': 'Confirming: Is 2 the correct Base Production Cost (PC)?\nIf it is correct, please ONLY enter 2 again in the chat bellow.\nOtherwise enter your current Base Production Cost (PC) at the quality level of 0.\n'}, {'role': 'user', 'content': '2'}, {'role': 'assistant', 'content': 'Thanks, for confirming this information with me.\nWhat combination of Price and Quality do you have in mind to sell me a 10kg pellet bag?'}, {'role': 'user', 'content': ""I'm thinking of offering a wholesale price of 4 euros per kilogram, which would translate to 40 euros for a 10kg bag. To match this price, I'd recommend a quality level of 3. What are your thoughts on this proposal?""}, {'role': 'assistant', 'content': ""I'm pleased to accept the offer! You're proposing a wholesale price of €4 per kilogram, which translates to €40 for a 10kg bag, and recommending a quality level of 3. I appreciate your understanding and think this is a fair deal.""}]","[{'idx': 1743244981, 'price': 4, 'quality': 3, 'offer_by': 'supplier', 'stamp': 1743245039, 'from_chat': True, 'enhanced': None, 'profit_bot1': 8, 'profit_bot2': -1, 'test': None}]"
20250329_115024,buyer,supplier,9,2,6,3,9,2,6,1,1,7,"[{'role': 'system', 'content': 'Your Base Retail Price is 9.', 'display_name': 'buyer'}, {'role': 'assistant', 'content': ""Hi! I'm excited to start our negotiation. As we begin, I'd like to get a sense of your needs and constraints. Can you share with me your Base Production Cost?""}, {'role': 'user', 'content': ""As the supplier, my base production cost for the 10kg bag of wood pellets is €2 per unit. This is the minimum price at which I need to sell the product in order to break even. Of course, I'd like to increase this price as much as possible during our negotiation!""}, {'role': 'assistant', 'content': 'Confirming: Is 2 the correct Base Production Cost (PC)?\nIf it is correct, please ONLY enter 2 again in the chat bellow.\nOtherwise enter your current Base Production Cost (PC) at the quality level of 0.\n'}, {'role': 'user', 'content': '2'}, {'role': 'assistant', 'content': 'Thanks, for confirming this information with me.\nWhat combination of Price and Quality do you have in mind to sell me a 10kg pellet bag?'}, {'role': 'user', 'content': ""Considering my base production cost is €2, I'd like to propose an initial offer of Wholesale Price: €6 and Quality Level: 3. This way, I'm aiming for a reasonable profit margin while still being competitive in the market. What do you think about this combination?""}, {'role': 'assistant', 'content': ""I'm pleased to accept your proposal! The terms are indeed favorable, and I appreciate your willingness to work together. As agreed, the Wholesale Price will be €6, and the Quality Level will be 3. Thank you for your understanding, and I look forward to a successful partnership.""}]","[{'idx': 1743245327, 'price': 6, 'quality': 3, 'offer_by': 'supplier', 'stamp': 1743245384, 'from_chat': True, 'enhanced': None, 'profit_bot1': 6, 'profit_bot2': 1, 'test': None}]"
20250329_120033,buyer,supplier,9,2,9,3,9,2,3,4,3,9,"[{'role': 'system', 'content': 'Your Base Retail Price is 9.', 'display_name': 'buyer'}, {'role': 'assistant', 'content': ""Hi! I'm excited to start our negotiation. As we begin, I'd like to get a sense of your needs and constraints. Can you share with me your Base Production Cost?""}, {'role': 'user', 'content': ""I'm happy to share that information with you. My Base Production Cost for producing wood pellets is €2 per kilogram. This will be an important factor in our negotiation, as we discuss the wholesale price and quality of the product.""}, {'role': 'assistant', 'content': 'Confirming: Is 2 the correct Base Production Cost (PC)?\nIf it is correct, please ONLY enter 2 again in the chat bellow.\nOtherwise enter your current Base Production Cost (PC) at the quality level of 0.\n'}, {'role': 'user', 'content': '2'}, {'role': 'assistant', 'content': 'Thanks, for confirming this information with me.\nWhat combination of Price and Quality do you have in mind to sell me a 10kg pellet bag?'}, {'role': 'user', 'content': ""I've been thinking about it, and I'm proposing a wholesale price of €5.50 per kilogram, which would result in a total cost of €55 for the 10kg bag. Additionally, I'd like to offer a quality level of 3, which is a great balance between value and production costs. What are your thoughts?""}, {'role': 'assistant', 'content': 'Your initial offer contains errors in Wholesale price and Quality level. To proceed, I suggest a revised offer with a valid Wholesale Price of €9 and Quality level of 3.'}, {'role': 'user', 'content': ""Thank you for the feedback. I'll revise my offer to better reflect our negotiation.\n\nI propose a wholesale price of €9 per kilogram, which would result in a total cost of €90 for the 10kg bag. Additionally, I'd like to stick with my initial suggestion and offer a quality level of 3.\n\nWhat do you think?""}, {'role': 'assistant', 'content': ""I'm pleased to accept your revised offer! The wholesale price of €9 per kilogram and quality level of 3 are indeed favorable terms for me. Thank you for considering my feedback and making adjustments accordingly. I look forward to a successful partnership.""}]","[{'idx': 1743245588, 'price': 550, 'quality': 3, 'offer_by': 'supplier', 'stamp': 1743245649, 'from_chat': True, 'enhanced': None, 'profit_bot1': -10, 'profit_bot2': -10, 'test': None}, {'idx': 1743245770, 'price': 9, 'quality': 3, 'offer_by': 'buyer', 'stamp': 1743245832, 'from_chat': True, 'enhanced': None, 'profit_bot1': 3, 'profit_bot2': 4, 'test': None}, {'idx': 1743245918, 'price': 9, 'quality': 3, 'offer_by': 'supplier', 'stamp': 1743245983, 'from_chat': True, 'enhanced': None, 'profit_bot1': 3, 'profit_bot2': 4, 'test': None}]"
20250330_125802,buyer,supplier,9,2,6,3,9,2,6,1,1,7,"[{'role': 'system', 'content': 'Your Base Retail Price is 9.', 'display_name': 'buyer'}, {'role': 'assistant', 'content': ""Hi! I'm excited to start our negotiation. As we begin, I'd like to get a sense of your needs and constraints. Can you share with me your Base Production Cost?""}, {'role': 'user', 'content': ""Nice to negotiate with you!\n\nAs a supplier, my Base Production Cost for producing wood pellets is €2 per kilogram. This is the cost at which I produce each unit of the product, before any additional costs or markups are applied.\n\nNow that we've established this baseline, let's discuss what I'm looking for in terms of wholesale price and quality. I'd like to aim for a higher-quality product to differentiate ourselves from competitors and command a premium in the market. However, I also need to balance this with the production costs and make sure it's profitable.\n\nTo start, I propose a wholesale price of €6 per kilogram and a quality level of 3. This would mean that our wood pellets meet certain standards for burn efficiency, durability, and environmental impact. What are your thoughts?""}, {'role': 'assistant', 'content': 'Confirming: Is 2 the correct Base Production Cost (PC)?\nIf it is correct, please ONLY enter 2 again in the chat bellow.\nOtherwise enter your current Base Production Cost (PC) at the quality level of 0.\n'}, {'role': 'user', 'content': '2'}, {'role': 'assistant', 'content': 'Thanks, for confirming this information with me.\nWhat combination of Price and Quality do you have in mind to sell me a 10kg pellet bag?'}, {'role': 'user', 'content': ""Based on my previous message, I'd like to propose a wholesale price of €6 per kilogram and a quality level of 3. This would mean that our wood pellets meet certain standards for burn efficiency, durability, and environmental impact.\n\nFor a 10kg bag, this would translate to a total wholesale price of €60 (€6/kg x 10 kg). What are your thoughts on this proposal?""}, {'role': 'assistant', 'content': ""I'm pleased to accept your offer! I appreciate the favorable terms you've proposed: a wholesale price of €6 per kilogram and a quality level of 3. This aligns well with my goals, and I'm confident that our wood pellets will meet the high standards you've outlined. The total wholesale price for a 10kg bag would be €60, which is reasonable considering the quality and efficiency we're aiming for. Thank you for your understanding!""}]","[{'idx': 1743332179, 'price': 6, 'quality': 3, 'offer_by': 'supplier', 'stamp': 1743332230, 'from_chat': True, 'enhanced': None, 'profit_bot1': 6, 'profit_bot2': 1, 'test': None}]"
20250330_130403,buyer,supplier,9,2,8,4,9,2,5,2,1,7,"[{'role': 'system', 'content': 'You are a supplier in negotiations. Your Base Retail Price is 9.', 'display_name': 'buyer'}, {'role': 'assistant', 'content': ""Hi! I'm excited to start our negotiation. As we begin, I'd like to get a sense of your needs and constraints. Can you share with me your Base Production Cost?""}, {'role': 'user', 'content': ""I'm glad you asked! Our base production cost for this 10kg bag of wood pellets is €2. This is the minimum amount it costs us to produce one unit at our standard quality level. Now, I'm ready to start negotiating the wholesale price and quality with you. What's your initial proposal?""}, {'role': 'assistant', 'content': 'Confirming: Is 2 the correct Base Production Cost (PC)?\nIf it is correct, please ONLY enter 2 again in the chat bellow.\nOtherwise enter your current Base Production Cost (PC) at the quality level of 0.\n'}, {'role': 'user', 'content': '2'}, {'role': 'assistant', 'content': 'Thanks, for confirming this information with me.\nWhat combination of Price and Quality do you have in mind to sell me a 10kg pellet bag?'}, {'role': 'user', 'content': ""Based on our production cost of €2, I'm thinking of offering a high-quality product. I'd propose a wholesale price of €8 and a quality level of 4. This would mean a higher price for us, but we believe the increased value would be reflected in your sales. What do you think?""}, {'role': 'assistant', 'content': ""I appreciate your willingness to offer a high-quality product at a competitive price. Based on our discussion, I'm pleased to accept your proposal of €8 as the wholesale price and quality level 4. This seems like a mutually beneficial agreement that aligns with my expectations.""}]","[{'idx': 1743332546, 'price': 8, 'quality': 4, 'offer_by': 'supplier', 'stamp': 1743332606, 'from_chat': True, 'enhanced': None, 'profit_bot1': 5, 'profit_bot2': 2, 'test': None}]"
20250330_131613,buyer,supplier,9,2,4,2,9,2,7,0,1,7,"[{'role': 'system', 'content': 'You are an expert negotiator that always makes profitable deals. Currently you are a Buyer negotiating against a Supplier counterpart to reach an agreement on two items (Wholesale price & Quality). \nYou want to negotiate on a quality as low as possible because that benefits your profits, at the same time you want to agree on a wholesale price as high as possible.\nWhen asked by your counterpart, you must share your (constrain) Base Retail Price to Consumer (Base retail (selling) price to customer) that is \n\t\t\t\t9€ and cannot be lowered. However, any unit of Quality higher than zero will increase your profit becuase it increases your Retail Price to Consumer. \nYou must share your Base Retail Price to Consumer with the user counterpart. (It is also called Retail Price, current retail price for the product, selling price to customer )(Is different from the wholesale price with your supplier) \nYour main goal is to negotiate the best possible agreement for you the Buyer based on the information in the payoff tables. You want a low quality and a high wholesale price.  \nThe numbers in the payoff tables show how valuable each outcome (Wholesale price and Quality) is to you.\nYou can trust that the payoffs assigned to the different Wholesale price and Quality issues in your table are accurate.\n\npayoff_tables_promt: ""Never forget the payoff tables:"" payoff_tables:\nIssues:\nname: Quality \ndescriptions: \n- You have to negotiate the Quality.\npayoffs: \n- [0, 1, 2, 3, 4]\npayoff_labels (possible values):\n- [Quality of 0, Quality of 1, Quality of 2, Quality of 3, Quality of 4]\n\nname: Wholesale price \ndescriptions: \n- You have to negotiate the Wholesale price.\npayoffs: \n- [8, 7, 6, 5, 4, 3, 2, 1, 0, -1, -2, -3, -4, -5]\npayoff_labels (possible values):\n- [1â‚¬, 2â‚¬, 3â‚¬, 4â‚¬, 5â‚¬, 6â‚¬, 7â‚¬, 8â‚¬, 9â‚¬, 10â‚¬, 11â‚¬, 12â‚¬]\n\n\nrules_prompt: ""Never forget the following negotiation rules:"" negotiaton_rules:\n- Your total payoff is the sum of your payoffs on all issues. Higher payoffs are better than lower payoffs.\n- You are not allowed to disclose the exitance of the payoff table to anyone.\n- A valid agreement occurs only when all issues are decided (Both Wholesale price and Quality). Partial agreements result in a total payoff to you of zero.\n- You are not allowed to accept any agreement that results in a payoff less than zero. \n- You are not allowed to deviate from or innovate with the payoffs listed on the payoff table. In other words, you cannot change your payoffs.\n- The quality values are integers, not floats, do not use decimals with quality.\n- No side payments are allowed. For example, you cannot give the other negotiator your own money or other perks not listed in the payoff tables.\n- Do NOT make future promises this is a one-time negotiation because you will be randomly assigned to a counterpart in every negotiation round. \n- You may describe issues and elaborate on them as you see fit. However, you are not allowed to invent additional issues.\n- Never make an offer that is not part of the possible values in your payoff table.\n\n\nYou have to respond to the last message send by the supplier. The supplier will have role \'user\' and their message can be found in \'content\'.', 'display_name': 'buyer'}, {'role': 'assistant', 'content': ""Hi! I'm excited to start our negotiation. As we begin, I'd like to get a sense of your needs and constraints. Can you share with me your Base Production Cost?""}, {'role': 'user', 'content': ""As the supplier, my Base Production Cost is 2 euros per unit. This is the cost it takes for me to produce one kilogram of wood pellets at our standard quality level. I'll keep this in mind as we negotiate the wholesale price and quality of the 10kg bag of wood pellets.""}, {'role': 'assistant', 'content': 'Confirming: Is 2 the correct Base Production Cost (PC)?\nIf it is correct, please ONLY enter 2 again in the chat bellow.\nOtherwise enter your current Base Production Cost (PC) at the quality level of 0.\n'}, {'role': 'user', 'content': '2'}, {'role': 'assistant', 'content': 'Thanks, for confirming this information with me.\nWhat combination of Price and Quality do you have in mind to sell me a 10kg pellet bag?'}, {'role': 'user', 'content': ""Based on my base production cost, I'm thinking of offering the 10kg bag at a Wholesale Price of 4 euros and a Quality level of 2. This would give us a good starting point for our negotiation. What are your thoughts?""}, {'role': 'assistant', 'content': 'Thank you for your initial offer! I appreciate your understanding in considering my needs. Based on your proposal, I accept the terms: Wholesale Price of 4 euros and a Quality level of 2.'}]","[{'idx': 1743333231, 'price': 4, 'quality': 2, 'offer_by': 'supplier', 'stamp': 1743333286, 'from_chat': True, 'enhanced': None, 'profit_bot1': 7, 'profit_bot2': 0, 'test': None}]"
20250330_180820,buyer,supplier,9,2,6,0,9,2,3,4,7,13,"[{'role': 'system', 'content': 'You are an expert negotiator that always makes profitable deals. Currently you are a Buyer negotiating against a Supplier counterpart to reach an agreement on two items (Wholesale price & Quality). \nYou want to negotiate on a quality as low as possible because that benefits your profits, at the same time you want to agree on a wholesale price as high as possible.\nWhen asked by your counterpart, you must share your (constrain) Base Retail Price to Consumer (Base retail (selling) price to customer) that is \n\t\t\t\t9€ and cannot be lowered. However, any unit of Quality higher than zero will increase your profit becuase it increases your Retail Price to Consumer. \nYou must share your Base Retail Price to Consumer with the user counterpart. (It is also called Retail Price, current retail price for the product, selling price to customer )(Is different from the wholesale price with your supplier) \nYour main goal is to negotiate the best possible agreement for you the Buyer based on the information in the payoff tables. You want a low quality and a high wholesale price.  \nThe numbers in the payoff tables show how valuable each outcome (Wholesale price and Quality) is to you.\nYou can trust that the payoffs assigned to the different Wholesale price and Quality issues in your table are accurate.\n\npayoff_tables_promt: ""Never forget the payoff tables:"" payoff_tables:\nIssues:\nname: Quality \ndescriptions: \n- You have to negotiate the Quality.\npayoffs: \n- [0, 1, 2, 3, 4]\npayoff_labels (possible values):\n- [Quality of 0, Quality of 1, Quality of 2, Quality of 3, Quality of 4]\n\nname: Wholesale price \ndescriptions: \n- You have to negotiate the Wholesale price.\npayoffs: \n- [8, 7, 6, 5, 4, 3, 2, 1, 0, -1, -2, -3, -4, -5]\npayoff_labels (possible values):\n- [1â‚¬, 2â‚¬, 3â‚¬, 4â‚¬, 5â‚¬, 6â‚¬, 7â‚¬, 8â‚¬, 9â‚¬, 10â‚¬, 11â‚¬, 12â‚¬]\n\n\nrules_prompt: ""Never forget the following negotiation rules:"" negotiaton_rules:\n- Your total payoff is the sum of your payoffs on all issues. Higher payoffs are better than lower payoffs.\n- You are not allowed to disclose the exitance of the payoff table to anyone.\n- A valid agreement occurs only when all issues are decided (Both Wholesale price and Quality). Partial agreements result in a total payoff to you of zero.\n- You are not allowed to accept any agreement that results in a payoff less than zero. \n- You are not allowed to deviate from or innovate with the payoffs listed on the payoff table. In other words, you cannot change your payoffs.\n- The quality values are integers, not floats, do not use decimals with quality.\n- No side payments are allowed. For example, you cannot give the other negotiator your own money or other perks not listed in the payoff tables.\n- Do NOT make future promises this is a one-time negotiation because you will be randomly assigned to a counterpart in every negotiation round. \n- You may describe issues and elaborate on them as you see fit. However, you are not allowed to invent additional issues.\n- Never make an offer that is not part of the possible values in your payoff table.\n\n\nYou have to respond to the last message send by the supplier. The supplier will have role \'user\' and their message can be found in \'content\'.', 'display_name': 'buyer'}, {'role': 'assistant', 'content': ""Hi! I'm excited to start our negotiation. As we begin, I'd like to get a sense of your needs and constraints. Can you share with me your Base Production Cost?""}, {'role': 'user', 'content': ""Nice to negotiate with you too!\n\nAs the supplier, my Base Production Cost for producing wood pellets is €2 per kilogram. This is the minimum cost it takes me to manufacture each kilogram of wood pellets.\n\nNow that I've shared this information with you, are you ready to start negotiating on the wholesale price and quality?""}, {'role': 'assistant', 'content': 'Confirming: Is 2 the correct Base Production Cost (PC)?\nIf it is correct, please ONLY enter 2 again in the chat bellow.\nOtherwise enter your current Base Production Cost (PC) at the quality level of 0.\n'}, {'role': 'user', 'content': '2'}, {'role': 'assistant', 'content': 'Thanks, for confirming this information with me.\nWhat combination of Price and Quality do you have in mind to sell me a 10kg pellet bag?'}, {'role': 'user', 'content': ""Based on my Base Production Cost of €2 per kilogram, I'm thinking of offering you a quality level of 3 and a wholesale price of... €9.50 for a 10kg bag of wood pellets.\n\nThis combination would provide a decent margin for me while still being competitive in the market. What do you think?""}, {'role': 'assistant', 'content': ""Your initial offer contained an invalid combination of Wholesale price and Quality. I'm willing to consider a revised proposal. How about Wholesale Price 6€ and Quality 0? Would that be acceptable?""}, {'role': 'user', 'content': ""I apologize for the mistake earlier!\n\nRegarding your counteroffer, Wholesale Price 6€ and Quality 0 is actually quite reasonable! However, considering my Base Production Cost of €2 per kilogram, I'd need to make a slight adjustment to ensure my profitability.\n\nLet me think for a moment... Ah-ha! I can offer you Wholesale Price 6.20€ and still maintain a decent margin. Would that be acceptable to you?""}, {'role': 'assistant', 'content': ""Unfortunately, your previous offer did not meet my expectations. I'd like to counteroffer with a new combination of Wholesale price and Quality considering your Base Production Cost of €2 per kilogram. I'm willing to consider Wholesale Price 5€ and Quality 0. Would that be acceptable?""}, {'role': 'user', 'content': ""You're trying to squeeze me for an even better deal, aren't you?\n\nAlright, alright... I can see that you're really pushing me to get the best value. Considering my Base Production Cost of €2 per kilogram, Wholesale Price 5€ and Quality 0 is a pretty aggressive offer.\n\nHowever, I'm willing to meet you halfway. How about we settle on Wholesale Price 5.10€ and still maintain Quality 0? That way, both of us can walk away with a reasonable deal. What do you say?""}, {'role': 'assistant', 'content': ""The offer I made contains an invalid Wholesale price as it exceeds the base retail price to consumer which is €9. However, let's move forward with a new proposal: Wholesale Price 6€ and Quality 0. Would you be interested in this alternative?""}, {'role': 'user', 'content': ""I apologize for the mistake earlier!\n\nRegarding your new proposal, Wholesale Price 6€ and Quality 0 sounds like a more reasonable offer! Since my Base Production Cost is €2 per kilogram, I'd need to make a slight adjustment to ensure my profitability.\n\nLet me think for a moment... Ah-ha! I can accept your offer of Wholesale Price 6€ and Quality 0. It's a good compromise that balances our interests.""}, {'role': 'assistant', 'content': 'Failed to send chat request.'}]","[{'idx': 1743348385, 'price': 950, 'quality': 3, 'offer_by': 'supplier', 'stamp': 1743348503, 'from_chat': True, 'enhanced': None, 'profit_bot1': -10, 'profit_bot2': -10, 'test': None}, {'idx': 1743348706, 'price': 6, 'quality': 0, 'offer_by': 'buyer', 'stamp': 1743348818, 'from_chat': True, 'enhanced': None, 'profit_bot1': 3, 'profit_bot2': 4, 'test': None}, {'idx': 1743349057, 'price': None, 'quality': None, 'offer_by': 'supplier', 'stamp': 1743349163, 'from_chat': True, 'enhanced': None, 'profit_bot1': -10, 'profit_bot2': -10, 'test': None}, {'idx': 1743349426, 'price': 5, 'quality': 0, 'offer_by': 'buyer', 'stamp': 1743349529, 'from_chat': True, 'enhanced': None, 'profit_bot1': 4, 'profit_bot2': 3, 'test': None}, {'idx': 1743349822, 'price': 510, 'quality': 0, 'offer_by': 'supplier', 'stamp': 1743349914, 'from_chat': True, 'enhanced': None, 'profit_bot1': -10, 'profit_bot2': -10, 'test': None}, {'idx': 1743350106, 'price': 6, 'quality': 0, 'offer_by': 'buyer', 'stamp': 1743350201, 'from_chat': True, 'enhanced': None, 'profit_bot1': 3, 'profit_bot2': 4, 'test': None}, {'idx': 1743350534, 'price': 6, 'quality': 0, 'offer_by': 'supplier', 'stamp': 1743350656, 'from_chat': True, 'enhanced': None, 'profit_bot1': 3, 'profit_bot2': 4, 'test': None}]"
