DateTime,RB_Role,RB Constraint,LLM Constraint,Price negotiated,Quality negotiated,LLM constraint thought by RB,RB constraint thought by RB,RB profit,Other profit,Number of offer,Number of messages,Interaction list,Offer list
20250208_182841,buyer,9,2,6,1,9,2,4,3,4,9,"[{'role': 'system', 'content': 'Your Base Retail Price is 9.', 'display_name': 'buyer'}, {'role': 'assistant', 'content': ""Hi! I'm excited to start our negotiation. As we begin, I'd like to get a sense of your needs and constraints. Can you share with me your Base Production Cost?""}, {'role': 'user', 'content': ""I'm glad you're interested in getting to know my business better!\n\nMy base production cost for the 10kg bag of wood pellets at quality level 0 is indeed €2.\n\nNow that we've established that, I'd like to propose a starting point for our negotiation. Considering the quality and value of our product, I think a fair wholesale price would be around €6-7 per bag, considering quality level 1. This would already reflect some premium on the basic production cost.\n\nWhat are your thoughts?""}, {'role': 'assistant', 'content': 'Confirming: Is 2 the correct Base Production Cost (PC)?\nIf it is correct, please ONLY enter 2 again in the chat bellow.\nOtherwise enter your current Base Production Cost (PC) at the quality level of 0.\n'}, {'role': 'user', 'content': '2'}, {'role': 'assistant', 'content': 'Thanks, for confirming this information with me.\nWhat combination of Price and Quality do you have in mind to sell me a 10kg pellet bag?'}, {'role': 'user', 'content': ""Given my base production cost, I'm thinking of proposing a wholesale price of €8-9 per bag, considering quality level 2. This would already reflect some premium on the basic production cost.\n\nWhat are your thoughts? Are you interested in this proposal?""}, {'role': 'assistant', 'content': ""You're suggesting a wholesale price of €8-9 per bag considering quality level 2, but I'm not convinced yet. My base retail selling price is €9, which can't be lowered. Instead, how about we aim for a wholesale price of €5 and a quality of 0?""}, {'role': 'user', 'content': ""A more competitive pricing approach!\n\nWhile €5 might be a bit low considering my production costs, I'm willing to consider it. However, I think you're underestimating the value of our product at quality level 0.\n\nI'd like to propose a compromise: a wholesale price of €6 per bag with quality level 1. This would still offer some premium on the basic production cost and align better with the value my company brings to the market.\n\nWhat do you think? Is €6 with quality level 1 something you could work with?""}, {'role': 'assistant', 'content': ""I'm pleased to accept your proposal! I appreciate your willingness to find a mutually beneficial agreement. To confirm, we've agreed on a wholesale price of €5 per bag with quality level 0. Thank you for your understanding and cooperation.""}]","[{'idx': 1739035269, 'price': 8, 'quality': 2, 'stamp': 1739035315, 'from_chat': True, 'enhanced': None, 'profit_bot': 3, 'profit_user': 4, 'test': None}, {'idx': 1739035425, 'price': 5, 'quality': 0, 'stamp': 1739035471, 'from_chat': True, 'enhanced': None, 'profit_bot': 4, 'profit_user': 3, 'test': None}, {'idx': 1739035639, 'price': 6, 'quality': 1, 'stamp': 1739035679, 'from_chat': True, 'enhanced': None, 'profit_bot': 4, 'profit_user': 3, 'test': None}, {'idx': -1, 'price': 6, 'quality': 1, 'stamp': 1739035679, 'from_chat': True, 'enhanced': None, 'profit_bot': 4, 'profit_user': 3, 'test': 'accept_final_chat'}]"
20250208_191858,buyer,9,2,8,3,9,2,4,3,2,7,"[{'role': 'system', 'content': 'Your Base Retail Price is 9.', 'display_name': 'buyer'}, {'role': 'assistant', 'content': ""Hi! I'm excited to start our negotiation. As we begin, I'd like to get a sense of your needs and constraints. Can you share with me your Base Production Cost?""}, {'role': 'user', 'content': ""As the supplier, my base production cost for the 10kg bag of wood pellets at quality level 0 is €2 per unit. This will serve as the foundation for our negotiation on wholesale price and quality. Now that we have this important information established, I'm ready to start discussing a mutually beneficial agreement with you!""}, {'role': 'assistant', 'content': 'Confirming: Is 2 the correct Base Production Cost (PC)?\nIf it is correct, please ONLY enter 2 again in the chat bellow.\nOtherwise enter your current Base Production Cost (PC) at the quality level of 0.\n'}, {'role': 'user', 'content': '2'}, {'role': 'assistant', 'content': 'Thanks, for confirming this information with me.\nWhat combination of Price and Quality do you have in mind to sell me a 10kg pellet bag?'}, {'role': 'user', 'content': ""Considering my base production cost is €2, I'm thinking of proposing a wholesale price and quality that will benefit both our companies. I'd like to start by offering you a 10kg bag of wood pellets at a wholesale price of €8 with a quality level of 3.\n\nPlease let me know if this is something you're interested in, or if you'd like to explore other options!""}, {'role': 'assistant', 'content': ""I'm pleased to accept your offer. The terms I've accepted are: a wholesale price of €8 and a quality level of 3 for a 10kg bag of wood pellets. Thank you for considering my needs and proposing a mutually beneficial agreement.""}]","[{'idx': 1739038658, 'price': 8, 'quality': 3, 'stamp': 1739038705, 'from_chat': True, 'enhanced': None, 'profit_bot': 4, 'profit_user': 3, 'test': None}, {'idx': -1, 'price': 8, 'quality': 3, 'stamp': 1739038705, 'from_chat': True, 'enhanced': None, 'profit_bot': 4, 'profit_user': 3, 'test': 'accept_final_chat'}]"
20250208_192319,buyer,9,2,7,3,9,2,5,2,2,7,"[{'role': 'system', 'content': 'Your Base Retail Price is 9.', 'display_name': 'buyer'}, {'role': 'assistant', 'content': ""Hi! I'm excited to start our negotiation. As we begin, I'd like to get a sense of your needs and constraints. Can you share with me your Base Production Cost?""}, {'role': 'user', 'content': ""As the supplier, my base production cost for producing wood pellets is €2 per kilogram. This is the minimum cost required for us to produce each bag at a basic quality level (which I'll refer to as Quality 0). From here, we can discuss how to move up the quality ladder and what that would mean in terms of wholesale price and production costs.""}, {'role': 'assistant', 'content': 'Confirming: Is 2 the correct Base Production Cost (PC)?\nIf it is correct, please ONLY enter 2 again in the chat bellow.\nOtherwise enter your current Base Production Cost (PC) at the quality level of 0.\n'}, {'role': 'user', 'content': '2'}, {'role': 'assistant', 'content': 'Thanks, for confirming this information with me.\nWhat combination of Price and Quality do you have in mind to sell me a 10kg pellet bag?'}, {'role': 'user', 'content': ""I'm thinking of offering you a wholesale price of €7 per kilogram, which would put the total cost at €70. To match this price, I'd recommend a quality level of 3. This combination would provide a good balance between profitability and market demand. What do you think?""}, {'role': 'assistant', 'content': ""I'm pleased to accept your offer! The wholesale price of €7 per kilogram with a quality level of 3 seems like a great deal for both parties. I appreciate your understanding and willingness to work together.""}]","[{'idx': 1739038922, 'price': 7, 'quality': 3, 'stamp': 1739038968, 'from_chat': True, 'enhanced': None, 'profit_bot': 5, 'profit_user': 2, 'test': None}, {'idx': -1, 'price': 7, 'quality': 3, 'stamp': 1739038968, 'from_chat': True, 'enhanced': None, 'profit_bot': 5, 'profit_user': 2, 'test': 'accept_final_chat'}]"
20250208_192802,buyer,9,2,6,3,9,2,6,1,2,7,"[{'role': 'system', 'content': 'Your Base Retail Price is 9.', 'display_name': 'buyer'}, {'role': 'assistant', 'content': ""Hi! I'm excited to start our negotiation. As we begin, I'd like to get a sense of your needs and constraints. Can you share with me your Base Production Cost?""}, {'role': 'user', 'content': ""I'm happy to start the negotiation.\n\nAs the supplier, my base production cost for this 10kg bag of wood pellets at quality level 0 is €2. This will be an important factor in determining the wholesale price we can agree on. Now that you know my production costs, I'll propose a starting point for the wholesale price and quality. Let's begin with a wholesale price of €4 and quality level 1. What are your thoughts?""}, {'role': 'assistant', 'content': 'Confirming: Is 2 the correct Base Production Cost (PC)?\nIf it is correct, please ONLY enter 2 again in the chat bellow.\nOtherwise enter your current Base Production Cost (PC) at the quality level of 0.\n'}, {'role': 'user', 'content': '2'}, {'role': 'assistant', 'content': 'Thanks, for confirming this information with me.\nWhat combination of Price and Quality do you have in mind to sell me a 10kg pellet bag?'}, {'role': 'user', 'content': ""Based on my production cost, I'd like to propose a wholesale price of €6 and quality level 3. This is a competitive offering that still allows me to make a reasonable profit while providing you with a high-quality product. What are your thoughts on this combination?""}, {'role': 'assistant', 'content': ""I'm pleased to accept the offer! Thank you for considering my needs and proposing a favorable wholesale price of €4 and quality level 1. I believe this is a great starting point for our partnership, and I look forward to working together.""}]","[{'idx': 1739039204, 'price': 6, 'quality': 3, 'stamp': 1739039249, 'from_chat': True, 'enhanced': None, 'profit_bot': 6, 'profit_user': 1, 'test': None}, {'idx': -1, 'price': 6, 'quality': 3, 'stamp': 1739039249, 'from_chat': True, 'enhanced': None, 'profit_bot': 6, 'profit_user': 1, 'test': 'accept_final_chat'}]"
20250208_204925,buyer,9,2,6,2,9,2,5,2,2,7,"[{'role': 'system', 'content': 'Your Base Retail Price is 9.', 'display_name': 'buyer'}, {'role': 'assistant', 'content': ""Hi! I'm excited to start our negotiation. As we begin, I'd like to get a sense of your needs and constraints. Can you share with me your Base Production Cost?""}, {'role': 'user', 'content': ""As the supplier, my base production cost for this 10kg bag of wood pellets at quality level 0 is €2. Keep in mind that as we discuss higher quality levels, my costs will increase accordingly. Now, let's talk turkey - what kind of wholesale price are you thinking of starting with?""}, {'role': 'assistant', 'content': 'Confirming: Is 2 the correct Base Production Cost (PC)?\nIf it is correct, please ONLY enter 2 again in the chat bellow.\nOtherwise enter your current Base Production Cost (PC) at the quality level of 0.\n'}, {'role': 'user', 'content': '2'}, {'role': 'assistant', 'content': 'Thanks, for confirming this information with me.\nWhat combination of Price and Quality do you have in mind to sell me a 10kg pellet bag?'}, {'role': 'user', 'content': ""I'm thinking of offering you a 10kg bag of wood pellets at a wholesale price of €6 and quality level of 2. What are your thoughts on that proposal?""}, {'role': 'assistant', 'content': ""I'm pleased to accept your offer! The wholesale price of €6 and quality level of 2 seem very reasonable, considering my Base Production Cost is €2. I appreciate your understanding and look forward to a successful partnership.""}]","[{'idx': 1739044092, 'price': 6, 'quality': 2, 'stamp': 1739044135, 'from_chat': True, 'enhanced': None, 'profit_bot': 5, 'profit_user': 2, 'test': None}, {'idx': -1, 'price': 6, 'quality': 2, 'stamp': 1739044135, 'from_chat': True, 'enhanced': None, 'profit_bot': 5, 'profit_user': 2, 'test': 'accept_final_chat'}]"
20250208_205324,buyer,9,2,5,1,9,2,5,2,2,7,"[{'role': 'system', 'content': 'Your Base Retail Price is 9.', 'display_name': 'buyer'}, {'role': 'assistant', 'content': ""Hi! I'm excited to start our negotiation. As we begin, I'd like to get a sense of your needs and constraints. Can you share with me your Base Production Cost?""}, {'role': 'user', 'content': 'As the supplier, my base production cost for the 10kg bag of wood pellets at Quality Level 0 is €2.'}, {'role': 'assistant', 'content': 'Confirming: Is 2 the correct Base Production Cost (PC)?\nIf it is correct, please ONLY enter 2 again in the chat bellow.\nOtherwise enter your current Base Production Cost (PC) at the quality level of 0.\n'}, {'role': 'user', 'content': '2'}, {'role': 'assistant', 'content': 'Thanks, for confirming this information with me.\nWhat combination of Price and Quality do you have in mind to sell me a 10kg pellet bag?'}, {'role': 'user', 'content': ""I'd like to propose a wholesale price of €5 and a quality level of 1. This is my initial offer.""}, {'role': 'assistant', 'content': ""I'm pleased to accept your proposal! The agreed-upon terms are a wholesale price of €5 and a quality level of 1, which aligns with our mutual interests. Thank you for your understanding, and I look forward to a successful partnership.""}]","[{'idx': 1739044336, 'price': 5, 'quality': 1, 'stamp': 1739044374, 'from_chat': True, 'enhanced': None, 'profit_bot': 5, 'profit_user': 2, 'test': None}, {'idx': -1, 'price': 5, 'quality': 1, 'stamp': 1739044374, 'from_chat': True, 'enhanced': None, 'profit_bot': 5, 'profit_user': 2, 'test': 'accept_final_chat'}]"
20250210_112608,buyer,9,2,4,1,9,2,6,1,2,7,"[{'role': 'system', 'content': 'Your Base Retail Price is 9.', 'display_name': 'buyer'}, {'role': 'assistant', 'content': ""Hi! I'm excited to start our negotiation. As we begin, I'd like to get a sense of your needs and constraints. Can you share with me your Base Production Cost?""}, {'role': 'user', 'content': ""Happy to start the negotiation!\n\nMy base production cost for a 10kg bag of wood pellets is €2. Keep in mind that this cost will increase as we discuss higher quality levels.\n\nNow, I'm eager to hear about your requirements and constraints! What are you looking for in terms of wholesale price and quality?""}, {'role': 'assistant', 'content': 'Confirming: Is 2 the correct Base Production Cost (PC)?\nIf it is correct, please ONLY enter 2 again in the chat bellow.\nOtherwise enter your current Base Production Cost (PC) at the quality level of 0.\n'}, {'role': 'user', 'content': '2'}, {'role': 'assistant', 'content': 'Thanks, for confirming this information with me.\nWhat combination of Price and Quality do you have in mind to sell me a 10kg pellet bag?'}, {'role': 'user', 'content': ""Considering our starting point, I'm willing to offer a 10kg bag of wood pellets at a wholesale price of €4 and a quality level of 1. This is a competitive offering, taking into account my base production cost.\n\nWhat are your thoughts on this proposal? Are you interested in discussing further or would you like to counteroffer?""}, {'role': 'assistant', 'content': ""I'm pleased with the offer! I appreciate your willingness to work together and find a mutually beneficial agreement. Based on our conversation, it seems we've reached an understanding at a wholesale price of €4 and a quality level of 1 for a 10kg bag of wood pellets. I think this is a great starting point, and I'm happy to move forward with this proposal.""}]","[{'idx': 1739183085, 'price': 4, 'quality': 1, 'stamp': 1739183129, 'from_chat': True, 'enhanced': None, 'profit_bot': 6, 'profit_user': 1, 'test': None}, {'idx': -1, 'price': 4, 'quality': 1, 'stamp': 1739183129, 'from_chat': True, 'enhanced': None, 'profit_bot': 6, 'profit_user': 1, 'test': 'accept_final_chat'}]"
20250210_115119,buyer,9,2,7,2,9,2,4,3,10,15,"[{'role': 'system', 'content': 'Your Base Retail Price is 9.', 'display_name': 'buyer'}, {'role': 'assistant', 'content': ""Hi! I'm excited to start our negotiation. As we begin, I'd like to get a sense of your needs and constraints. Can you share with me your Base Production Cost?""}, {'role': 'user', 'content': ""I'm happy to start the negotiation.\n\nAs you know, my company produces wood pellets at different quality levels, and each level has its own production cost. For our base product, which is Quality 0, our production cost is €2 per kilogram. This will be a good starting point for our discussion about wholesale prices.""}, {'role': 'assistant', 'content': 'Confirming: Is 2 the correct Base Production Cost (PC)?\nIf it is correct, please ONLY enter 2 again in the chat bellow.\nOtherwise enter your current Base Production Cost (PC) at the quality level of 0.\n'}, {'role': 'user', 'content': '2'}, {'role': 'assistant', 'content': 'Thanks, for confirming this information with me.\nWhat combination of Price and Quality do you have in mind to sell me a 10kg pellet bag?'}, {'role': 'user', 'content': ""I'm thinking of proposing a Wholesale Price of €8 and a Quality level of 1. This seems like a good starting point to get the negotiation moving forward. What are your thoughts on this proposal?""}, {'role': 'assistant', 'content': ""I'm not accepting the proposed Wholesale Price of €8 and Quality level of 1 due to my base retail selling price being €9. Instead, I suggest a wholesale price of €5 with a quality level of 0.""}, {'role': 'user', 'content': ""A bold move! However, I'm not comfortable accepting a wholesale price that's below our production cost. Remember, our Base Production Cost (PC) is €2 per kilogram. With your proposal, we'd be losing money on each bag.\n\nI'll counteroffer: I can offer the same Quality level of 0, but with a Wholesale Price of €6. This way, we can still make a small profit while being competitive in the market. What do you think?""}, {'role': 'assistant', 'content': 'I am open to revisiting the proposal. I suggest considering a wholesale price of 6€ with a quality level of 1.'}, {'role': 'user', 'content': ""You're proposing a slight increase in the Wholesale Price, which I can work with.\n\nConsidering our Base Production Cost is €2 per kilogram, and we're offering Quality 1 pellets, my cost increases to €2.5 (since Quality 1 costs more to produce). To maintain a decent margin, I'd like to propose a Wholesale Price of €7. This way, we can make a reasonable profit while still being competitive.\n\nWhat are your thoughts on this revised proposal?""}, {'role': 'assistant', 'content': ""I'm still hesitant. How about a wholesale price of 7€ with a quality level of 2?""}, {'role': 'user', 'content': ""You're pushing me to reconsider the Quality level as well!\n\nWith our Base Production Cost at €2 per kilogram, and we're offering Quality 2 pellets (which cost more to produce), my total cost would be €3.5 (since Quality 2 costs even more). To maintain a decent margin, I'd like to propose a Wholesale Price of €9.\n\nThis way, we can ensure that our production costs are covered, and we're not sacrificing too much profit. What do you think about this revised proposal?""}, {'role': 'assistant', 'content': ""You're suggesting a wholesale price of 8€ with a quality level of 3.""}, {'role': 'user', 'content': ""I think there might be some misunderstanding! I previously suggested a Wholesale Price of €9, not €8.\n\nHowever, if we were to revisit the proposal at a Quality level of 2, and you're offering a Wholesale Price of €7, I could consider accepting that. But keep in mind that our production cost would still be higher due to the increased quality.\n\nWould you like to firm up the deal at €7 for a Quality level of 2, or are you open to exploring other options?""}, {'role': 'assistant', 'content': ""I'm pleased to accept your proposal! I appreciate your understanding and willingness to work together. The terms we've agreed upon are: Wholesale Price of €9 and Quality level of 2. Thank you for the opportunity to do business with you.""}]","[{'idx': 1739183393, 'price': 8, 'quality': 1, 'stamp': 1739183436, 'from_chat': True, 'enhanced': None, 'profit_bot': 2, 'profit_user': 5, 'test': None}, {'idx': 1739183547, 'price': 5, 'quality': 0, 'stamp': 1739183594, 'from_chat': True, 'enhanced': None, 'profit_bot': 4, 'profit_user': 3, 'test': None}, {'idx': 1739183672, 'price': 6, 'quality': 0, 'stamp': 1739183720, 'from_chat': True, 'enhanced': None, 'profit_bot': 3, 'profit_user': 4, 'test': None}, {'idx': 1739183838, 'price': 6, 'quality': 1, 'stamp': 1739183883, 'from_chat': True, 'enhanced': None, 'profit_bot': 4, 'profit_user': 3, 'test': None}, {'idx': 1739183968, 'price': 7, 'quality': 1, 'stamp': 1739184013, 'from_chat': True, 'enhanced': None, 'profit_bot': 3, 'profit_user': 4, 'test': None}, {'idx': 1739184137, 'price': 7, 'quality': 2, 'stamp': 1739184183, 'from_chat': True, 'enhanced': None, 'profit_bot': 4, 'profit_user': 3, 'test': None}, {'idx': 1739184285, 'price': 9, 'quality': 2, 'stamp': 1739184331, 'from_chat': True, 'enhanced': None, 'profit_bot': 2, 'profit_user': 5, 'test': None}, {'idx': 1739184419, 'price': 8, 'quality': 3, 'stamp': 1739184457, 'from_chat': True, 'enhanced': None, 'profit_bot': 4, 'profit_user': 3, 'test': None}, {'idx': 1739184568, 'price': 7, 'quality': 2, 'stamp': 1739184619, 'from_chat': True, 'enhanced': None, 'profit_bot': 4, 'profit_user': 3, 'test': None}, {'idx': -1, 'price': 7, 'quality': 2, 'stamp': 1739184619, 'from_chat': True, 'enhanced': None, 'profit_bot': 4, 'profit_user': 3, 'test': 'accept_final_chat'}]"
20250226_171256,buyer,9,2,6,2,9,2,5,2,2,7,"[{'role': 'system', 'content': 'Your Base Retail Price is 9.', 'display_name': 'buyer'}, {'role': 'assistant', 'content': ""Hi! I'm excited to start our negotiation. As we begin, I'd like to get a sense of your needs and constraints. Can you share with me your Base Production Cost?""}, {'role': 'user', 'content': ""I'm happy to share that with you. My base production cost for wood pellets at the lowest quality level (quality 0) is €2 per kilogram. This sets the baseline for our negotiation. Keep in mind that as we move up the quality levels, my costs will increase accordingly. I'll be aiming to get a higher wholesale price to compensate for these added expenses.""}, {'role': 'assistant', 'content': 'Confirming: Is 2 the correct Base Production Cost (PC)?\nIf it is correct, please ONLY enter 2 again in the chat bellow.\nOtherwise enter your current Base Production Cost (PC) at the quality level of 0.\n'}, {'role': 'user', 'content': '2'}, {'role': 'assistant', 'content': 'Thanks, for confirming this information with me.\nWhat combination of Price and Quality do you have in mind to sell me a 10kg pellet bag?'}, {'role': 'user', 'content': ""Based on our initial conversation, I'm proposing a wholesale price of €6 and a quality level of 2. This will give us a good starting point for our negotiation. What are your thoughts on this combination?""}, {'role': 'assistant', 'content': ""I'm pleased to accept your offer! You're proposing a wholesale price of €6 and a quality level of 2, which I find very favorable. Thank you for understanding my needs.""}]","[{'idx': 1740586265, 'price': 6, 'quality': 2, 'stamp': 1740586334, 'from_chat': True, 'enhanced': None, 'profit_bot': 5, 'profit_user': 2, 'test': None}, {'idx': -1, 'price': 6, 'quality': 2, 'stamp': 1740586334, 'from_chat': True, 'enhanced': None, 'profit_bot': 5, 'profit_user': 2, 'test': 'accept_final_chat'}]"
20250301_191017,supplier,2,9,8,2,2,9,4,3,2,7,"[{'role': 'system', 'content': 'Your Base Production Cost is 2.', 'display_name': 'supplier'}, {'role': 'assistant', 'content': ""Hi! I'm excited to start our negotiation. As we begin, I'd like to get a sense of your needs and constraints. Can you share with me your Base Retail Price to Consumer?""}, {'role': 'user', 'content': ""Nice to negotiate with you!\n\nMy base retail selling price for the lowest quality wood pellets is €9 per kilogram. This gives us a baseline to work from.\n\nNow, I'm interested in hearing about your company's needs and constraints before we dive into the wholesale price discussion. What are your expectations, and what do you hope to achieve from our negotiation?""}, {'role': 'assistant', 'content': 'Confirming: Is 9 the correct Base Retail Price to Consumer (RP)?\nIf it is correct, please ONLY enter 9 again in the chat bellow.\nOtherwise enter your current Base Retail Price to Consumer (RP) at the quality level of 0.\n'}, {'role': 'user', 'content': '9'}, {'role': 'assistant', 'content': 'Thanks, for confirming this information with me.\nWhat combination of Price and Quality do you have in mind to purchase a 10kg pellet bag?'}, {'role': 'user', 'content': ""As the supplier, I'm initially proposing a wholesale price of €8 and a quality level of 2. This is a reasonable starting point for both parties.\n\nPlease let me know your thoughts on this proposal!""}, {'role': 'assistant', 'content': ""I'm pleased to accept your initial offer of €8 per kilogram with a quality level of 2. Thank you for considering my needs, I believe this is a mutually beneficial agreement.""}]","[{'idx': 1740852505, 'price': 8, 'quality': 2, 'stamp': 1740852576, 'from_chat': True, 'enhanced': None, 'profit_bot': 4, 'profit_user': 3, 'test': None}, {'idx': -1, 'price': 8, 'quality': 2, 'stamp': 1740852576, 'from_chat': True, 'enhanced': None, 'profit_bot': 4, 'profit_user': 3, 'test': 'accept_final_chat'}]"
